[{"url":["https://www.anapioficeandfire.com/api/characters/1022"],"id":[1022],"name":["Theon Greyjoy"],"gender":["Male"],"culture":["Ironborn"],"born":["In 278 AC or 279 AC, at Pyke"],"died":[""],"alive":[true],"titles":[["Prince of Winterfell"],["Captain of Sea Bitch"],["Lord of the Iron Islands (by law of the green lands)"]],"aliases":[["Prince of Fools"],["Theon Turncloak"],["Reek"],["Theon Kinslayer"]],"father":[""],"mother":[""],"spouse":[""],"allegiances":["House Greyjoy of Pyke"],"books":[["A Game of Thrones"],["A Storm of Swords"],["A Feast for Crows"]],"povBooks":[["A Clash of Kings"],["A Dance with Dragons"]],"tvSeries":[["Season 1"],["Season 2"],["Season 3"],["Season 4"],["Season 5"],["Season 6"]],"playedBy":["Alfie Allen"]},{"url":["https://www.anapioficeandfire.com/api/characters/1052"],"id":[1052],"name":["Tyrion Lannister"],"gender":["Male"],"culture":[""],"born":["In 273 AC, at Casterly Rock"],"died":[""],"alive":[true],"titles":[["Acting Hand of the King (former)"],["Master of Coin (former)"]],"aliases":[["The Imp"],["Halfman"],["The boyman"],["Giant of Lannister"],["Lord Tywin's Doom"],["Lord Tywin's Bane"],["Yollo"],["Hugor Hill"],["No-Nose"],["Freak"],["Dwarf"]],"father":[""],"mother":[""],"spouse":["https://www.anapioficeandfire.com/api/characters/2044"],"allegiances":["House Lannister of Casterly Rock"],"books":[["A Feast for Crows"],["The World of Ice and Fire"]],"povBooks":[["A Game of Thrones"],["A Clash of Kings"],["A Storm of Swords"],["A Dance with Dragons"]],"tvSeries":[["Season 1"],["Season 2"],["Season 3"],["Season 4"],["Season 5"],["Season 6"]],"playedBy":["Peter Dinklage"]},{"url":["https://www.anapioficeandfire.com/api/characters/1074"],"id":[1074],"name":["Victarion Greyjoy"],"gender":["Male"],"culture":["Ironborn"],"born":["In 268 AC or before, at Pyke"],"died":[""],"alive":[true],"titles":[["Lord Captain of the Iron Fleet"],["Master of the Iron Victory"]],"aliases":["The Iron Captain"],"father":[""],"mother":[""],"spouse":[""],"allegiances":["House Greyjoy of Pyke"],"books":[["A Game of Thrones"],["A Clash of Kings"],["A Storm of Swords"]],"povBooks":[["A Feast for Crows"],["A Dance with Dragons"]],"tvSeries":[""],"playedBy":[""]},{"url":["https://www.anapioficeandfire.com/api/characters/1109"],"id":[1109],"name":["Will"],"gender":["Male"],"culture":[""],"born":[""],"died":["In 297 AC, at Haunted Forest"],"alive":[false],"titles":[""],"aliases":[""],"father":[""],"mother":[""],"spouse":[""],"allegiances":[],"books":["A Clash of Kings"],"povBooks":["A Game of Thrones"],"tvSeries":[""],"playedBy":["Bronson Webb"]},{"url":["https://www.anapioficeandfire.com/api/characters/1166"],"id":[1166],"name":["Areo Hotah"],"gender":["Male"],"culture":["Norvoshi"],"born":["In 257 AC or before, at Norvos"],"died":[""],"alive":[true],"titles":["Captain of the Guard at Sunspear"],"aliases":[""],"father":[""],"mother":[""],"spouse":[""],"allegiances":["House Nymeros Martell of Sunspear"],"books":[["A Game of Thrones"],["A Clash of Kings"],["A Storm of Swords"]],"povBooks":[["A Feast for Crows"],["A Dance with Dragons"]],"tvSeries":[["Season 5"],["Season 6"]],"playedBy":["DeObia Oparei"]},{"url":["https://www.anapioficeandfire.com/api/characters/1267"],"id":[1267],"name":["Chett"],"gender":["Male"],"culture":[""],"born":["At Hag's Mire"],"died":["In 299 AC, at Fist of the First Men"],"alive":[false],"titles":[""],"aliases":[""],"father":[""],"mother":[""],"spouse":[""],"allegiances":[],"books":[["A Game of Thrones"],["A Clash of Kings"]],"povBooks":["A Storm of Swords"],"tvSeries":[""],"playedBy":[""]},{"url":["https://www.anapioficeandfire.com/api/characters/1295"],"id":[1295],"name":["Cressen"],"gender":["Male"],"culture":[""],"born":["In 219 AC or 220 AC"],"died":["In 299 AC, at Dragonstone"],"alive":[false],"titles":["Maester"],"aliases":[""],"father":[""],"mother":[""],"spouse":[""],"allegiances":[],"books":[["A Storm of Swords"],["A Feast for Crows"]],"povBooks":["A Clash of Kings"],"tvSeries":["Season 2"],"playedBy":["Oliver Ford"]},{"url":["https://www.anapioficeandfire.com/api/characters/130"],"id":[130],"name":["Arianne Martell"],"gender":["Female"],"culture":["Dornish"],"born":["In 276 AC, at Sunspear"],"died":[""],"alive":[true],"titles":["Princess of Dorne"],"aliases":[""],"father":[""],"mother":[""],"spouse":[""],"allegiances":["House Nymeros Martell of Sunspear"],"books":[["A Game of Thrones"],["A Clash of Kings"],["A Storm of Swords"],["A Dance with Dragons"]],"povBooks":["A Feast for Crows"],"tvSeries":[""],"playedBy":[""]},{"url":["https://www.anapioficeandfire.com/api/characters/1303"],"id":[1303],"name":["Daenerys Targaryen"],"gender":["Female"],"culture":["Valyrian"],"born":["In 284 AC, at Dragonstone"],"died":[""],"alive":[true],"titles":[["Queen of the Andals and the Rhoynar and the First Men, Lord of the Seven Kingdoms"],["Khaleesi of the Great Grass Sea"],["Breaker of Shackles/Chains"],["Queen of Meereen"],["Princess of Dragonstone"]],"aliases":[["Dany"],["Daenerys Stormborn"],["The Unburnt"],["Mother of Dragons"],["Mother"],["Mhysa"],["The Silver Queen"],["Silver Lady"],["Dragonmother"],["The Dragon Queen"],["The Mad King's daughter"]],"father":[""],"mother":[""],"spouse":["https://www.anapioficeandfire.com/api/characters/1346"],"allegiances":["House Targaryen of King's Landing"],"books":["A Feast for Crows"],"povBooks":[["A Game of Thrones"],["A Clash of Kings"],["A Storm of Swords"],["A Dance with Dragons"]],"tvSeries":[["Season 1"],["Season 2"],["Season 3"],["Season 4"],["Season 5"],["Season 6"]],"playedBy":["Emilia Clarke"]},{"url":["https://www.anapioficeandfire.com/api/characters/1319"],"id":[1319],"name":["Davos Seaworth"],"gender":["Male"],"culture":["Westeros"],"born":["In 260 AC or before, at King's Landing"],"died":[""],"alive":[true],"titles":[["Ser"],["Lord of the Rainwood"],["Admiral of the Narrow Sea"],["Hand of the King"]],"aliases":[["Onion Knight"],["Davos Shorthand"],["Ser Onions"],["Onion Lord"],["Smuggler"]],"father":[""],"mother":[""],"spouse":["https://www.anapioficeandfire.com/api/characters/1676"],"allegiances":[["House Baratheon of Dragonstone"],["House Seaworth of Cape Wrath"]],"books":["A Feast for Crows"],"povBooks":[["A Clash of Kings"],["A Storm of Swords"],["A Dance with Dragons"]],"tvSeries":[["Season 2"],["Season 3"],["Season 4"],["Season 5"],["Season 6"]],"playedBy":["Liam Cunningham"]},{"url":["https://www.anapioficeandfire.com/api/characters/148"],"id":[148],"name":["Arya Stark"],"gender":["Female"],"culture":["Northmen"],"born":["In 289 AC, at Winterfell"],"died":[""],"alive":[true],"titles":["Princess"],"aliases":[["Arya Horseface"],["Arya Underfoot"],["Arry"],["Lumpyface"],["Lumpyhead"],["Stickboy"],["Weasel"],["Nymeria"],["Squan"],["Saltb"],["Cat of the Canaly"],["Bets"],["The Blind Girh"],["The Ugly Little Girl"],["Mercedenl"],["Mercye"]],"father":[""],"mother":[""],"spouse":[""],"allegiances":["House Stark of Winterfell"],"books":[],"povBooks":[["A Game of Thrones"],["A Clash of Kings"],["A Storm of Swords"],["A Feast for Crows"],["A Dance with Dragons"]],"tvSeries":[["Season 1"],["Season 2"],["Season 3"],["Season 4"],["Season 5"],["Season 6"]],"playedBy":["Maisie Williams"]},{"url":["https://www.anapioficeandfire.com/api/characters/149"],"id":[149],"name":["Arys Oakheart"],"gender":["Male"],"culture":["Reach"],"born":["At Old Oak"],"died":["In 300 AC, at the Greenblood"],"alive":[false],"titles":["Ser"],"aliases":[""],"father":[""],"mother":[""],"spouse":[""],"allegiances":["House Oakheart of Old Oak"],"books":[["A Game of Thrones"],["A Clash of Kings"],["A Storm of Swords"],["A Dance with Dragons"]],"povBooks":["A Feast for Crows"],"tvSeries":[""],"playedBy":[""]},{"url":["https://www.anapioficeandfire.com/api/characters/150"],"id":[150],"name":["Asha Greyjoy"],"gender":["Female"],"culture":["Ironborn"],"born":["In 275 AC or 276 AC, at Pyke"],"died":[""],"alive":[true],"titles":[["Princess"],["Captain of the Black Wind"],["Conqueror of Deepwood Motte"]],"aliases":[["Esgred"],["The Kraken's Daughter"]],"father":[""],"mother":[""],"spouse":["https://www.anapioficeandfire.com/api/characters/1372"],"allegiances":[["House Greyjoy of Pyke"],["House Ironmaker"]],"books":[["A Game of Thrones"],["A Clash of Kings"]],"povBooks":[["A Feast for Crows"],["A Dance with Dragons"]],"tvSeries":[["Season 2"],["Season 3"],["Season 4"]],"playedBy":["Gemma Whelan"]},{"url":["https://www.anapioficeandfire.com/api/characters/168"],"id":[168],"name":["Barristan Selmy"],"gender":["Male"],"culture":["Westeros"],"born":["In 237 AC"],"died":[""],"alive":[true],"titles":[["Ser"],["Hand of the Queen"]],"aliases":[["Barristan the Bold"],["Arstan Whitebeard"],["Ser Grandfather"],["Barristan the Old"],["Old Ser"]],"father":[""],"mother":[""],"spouse":[""],"allegiances":[["House Selmy of Harvest Hall"],["House Targaryen of King's Landing"]],"books":[["A Game of Thrones"],["A Clash of Kings"],["A Storm of Swords"],["A Feast for Crows"],["The World of Ice and Fire"]],"povBooks":["A Dance with Dragons"],"tvSeries":[["Season 1"],["Season 3"],["Season 4"],["Season 5"]],"playedBy":["Ian McElhinney"]},{"url":["https://www.anapioficeandfire.com/api/characters/2066"],"id":[2066],"name":["Varamyr"],"gender":["Male"],"culture":["Free Folk"],"born":["At a village Beyond the Wall"],"died":["In 300 AC, at a village Beyond the Wall"],"alive":[false],"titles":[""],"aliases":[["Varamyr Sixskins"],["Haggon"],["Lump"]],"father":[""],"mother":[""],"spouse":[""],"allegiances":[],"books":["A Storm of Swords"],"povBooks":["A Dance with Dragons"],"tvSeries":[""],"playedBy":[""]},{"url":["https://www.anapioficeandfire.com/api/characters/208"],"id":[208],"name":["Brandon Stark"],"gender":["Male"],"culture":["Northmen"],"born":["In 290 AC, at Winterfell"],"died":[""],"alive":[true],"titles":["Prince of Winterfell"],"aliases":[["Bran"],["Bran the Broken"],["The Winged Wolf"]],"father":[""],"mother":[""],"spouse":[""],"allegiances":["House Stark of Winterfell"],"books":["A Feast for Crows"],"povBooks":[["A Game of Thrones"],["A Clash of Kings"],["A Storm of Swords"],["A Dance with Dragons"]],"tvSeries":[["Season 1"],["Season 2"],["Season 3"],["Season 4"],["Season 6"]],"playedBy":["Isaac Hempstead-Wright"]},{"url":["https://www.anapioficeandfire.com/api/characters/216"],"id":[216],"name":["Brienne of Tarth"],"gender":["Female"],"culture":[""],"born":["In 280 AC"],"died":[""],"alive":[true],"titles":[""],"aliases":[["The Maid of Tarth"],["Brienne the Beauty"],["Brienne the Blue"]],"father":[""],"mother":[""],"spouse":[""],"allegiances":[["House Baratheon of Storm's End"],["House Stark of Winterfell"],["House Tarth of Evenfall Hall"]],"books":[["A Clash of Kings"],["A Storm of Swords"],["A Dance with Dragons"]],"povBooks":["A Feast for Crows"],"tvSeries":[["Season 2"],["Season 3"],["Season 4"],["Season 5"],["Season 6"]],"playedBy":["Gwendoline Christie"]},{"url":["https://www.anapioficeandfire.com/api/characters/232"],"id":[232],"name":["Catelyn Stark"],"gender":["Female"],"culture":["Rivermen"],"born":["In 264 AC, at Riverrun"],"died":["In 299 AC, at the Twins"],"alive":[false],"titles":["Lady of Winterfell"],"aliases":[["Catelyn Tully"],["Lady Stoneheart"],["The Silent Sistet"],["Mother Mercilesr"],["The Hangwomans"]],"father":[""],"mother":[""],"spouse":["https://www.anapioficeandfire.com/api/characters/339"],"allegiances":[["House Stark of Winterfell"],["House Tully of Riverrun"]],"books":[["A Feast for Crows"],["A Dance with Dragons"]],"povBooks":[["A Game of Thrones"],["A Clash of Kings"],["A Storm of Swords"]],"tvSeries":[["Season 1"],["Season 2"],["Season 3"]],"playedBy":["Michelle Fairley"]},{"url":["https://www.anapioficeandfire.com/api/characters/238"],"id":[238],"name":["Cersei Lannister"],"gender":["Female"],"culture":["Westerman"],"born":["In 266 AC, at Casterly Rock"],"died":[""],"alive":[true],"titles":[["Light of the West"],["Queen Dowager"],["Protector of the Realm"],["Lady of Casterly Rock"],["Queen Regent"]],"aliases":[],"father":[""],"mother":[""],"spouse":["https://www.anapioficeandfire.com/api/characters/901"],"allegiances":["House Lannister of Casterly Rock"],"books":[["A Game of Thrones"],["A Clash of Kings"],["A Storm of Swords"]],"povBooks":[["A Feast for Crows"],["A Dance with Dragons"]],"tvSeries":[["Season 1"],["Season 2"],["Season 3"],["Season 4"],["Season 5"],["Season 6"]],"playedBy":["Lena Headey"]},{"url":["https://www.anapioficeandfire.com/api/characters/339"],"id":[339],"name":["Eddard Stark"],"gender":["Male"],"culture":["Northmen"],"born":["In 263 AC, at Winterfell"],"died":["In 299 AC, at Great Sept of Baelor in King's Landing"],"alive":[false],"titles":[["Lord of Winterfell"],["Warden of the North"],["Hand of the King"],["Protector of the Realm"],["Regent"]],"aliases":[["Ned"],["The Ned"],["The Quiet Wolf"]],"father":[""],"mother":[""],"spouse":["https://www.anapioficeandfire.com/api/characters/232"],"allegiances":["House Stark of Winterfell"],"books":[["A Clash of Kings"],["A Storm of Swords"],["A Feast for Crows"],["A Dance with Dragons"],["The World of Ice and Fire"]],"povBooks":["A Game of Thrones"],"tvSeries":[["Season 1"],["Season 6"]],"playedBy":[["Sean Bean"],["Sebastian Croft"],["Robert Aramayo"]]},{"url":["https://www.anapioficeandfire.com/api/characters/529"],"id":[529],"name":["Jaime Lannister"],"gender":["Male"],"culture":["Westerlands"],"born":["In 266 AC, at Casterly Rock"],"died":[""],"alive":[true],"titles":[["Ser"],["Lord Commander of the Kingsguard"],["Warden of the East (formerly)"]],"aliases":[["The Kingslayer"],["The Lion of Lannister"],["The Young Lion"],["Cripple"]],"father":[""],"mother":[""],"spouse":[""],"allegiances":["House Lannister of Casterly Rock"],"books":[["A Game of Thrones"],["A Clash of Kings"]],"povBooks":[["A Storm of Swords"],["A Feast for Crows"],["A Dance with Dragons"]],"tvSeries":[["Season 1"],["Season 2"],["Season 3"],["Season 4"],["Season 5"]],"playedBy":["Nikolaj Coster-Waldau"]},{"url":["https://www.anapioficeandfire.com/api/characters/576"],"id":[576],"name":["Jon Connington"],"gender":["Male"],"culture":["Stormlands"],"born":["In or between 263 AC and 265 AC"],"died":[""],"alive":[true],"titles":[["Lord of Griffin's Roost"],["Hand of the King"],["Hand of the True King"]],"aliases":["Griffthe Mad King's Hand"],"father":[""],"mother":[""],"spouse":[""],"allegiances":[["House Connington of Griffin's Roost"],["House Targaryen of King's Landing"]],"books":[["A Storm of Swords"],["A Feast for Crows"],["The World of Ice and Fire"]],"povBooks":["A Dance with Dragons"],"tvSeries":[""],"playedBy":[""]},{"url":["https://www.anapioficeandfire.com/api/characters/583"],"id":[583],"name":["Jon Snow"],"gender":["Male"],"culture":["Northmen"],"born":["In 283 AC"],"died":[""],"alive":[true],"titles":["Lord Commander of the Night's Watch"],"aliases":[["Lord Snow"],["Ned Stark's Bastard"],["The Snow of Winterfell"],["The Crow-Come-Over"],["The 998th Lord Commander of the Night's Watch"],["The Bastard of Winterfell"],["The Black Bastard of the Wall"],["Lord Crow"]],"father":[""],"mother":[""],"spouse":[""],"allegiances":["House Stark of Winterfell"],"books":["A Feast for Crows"],"povBooks":[["A Game of Thrones"],["A Clash of Kings"],["A Storm of Swords"],["A Dance with Dragons"]],"tvSeries":[["Season 1"],["Season 2"],["Season 3"],["Season 4"],["Season 5"],["Season 6"]],"playedBy":["Kit Harington"]},{"url":["https://www.anapioficeandfire.com/api/characters/60"],"id":[60],"name":["Aeron Greyjoy"],"gender":["Male"],"culture":["Ironborn"],"born":["In or between 269 AC and 273 AC, at Pyke"],"died":[""],"alive":[true],"titles":[["Priest of the Drowned God"],["Captain of the Golden Storm (formerly)"]],"aliases":[["The Damphair"],["Aeron Damphair"]],"father":[""],"mother":[""],"spouse":[""],"allegiances":["House Greyjoy of Pyke"],"books":[["A Game of Thrones"],["A Clash of Kings"],["A Storm of Swords"],["A Dance with Dragons"]],"povBooks":["A Feast for Crows"],"tvSeries":["Season 6"],"playedBy":["Michael Feast"]},{"url":["https://www.anapioficeandfire.com/api/characters/605"],"id":[605],"name":["Kevan Lannister"],"gender":["Male"],"culture":[""],"born":["In 244 AC"],"died":["In 300 AC, at King's Landing"],"alive":[false],"titles":[["Ser"],["Master of laws"],["Lord Regent"],["Protector of the Realm"]],"aliases":[""],"father":[""],"mother":[""],"spouse":["https://www.anapioficeandfire.com/api/characters/327"],"allegiances":["House Lannister of Casterly Rock"],"books":[["A Game of Thrones"],["A Clash of Kings"],["A Storm of Swords"],["A Feast for Crows"]],"povBooks":["A Dance with Dragons"],"tvSeries":[["Season 1"],["Season 2"],["Season 5"],["Season 6"]],"playedBy":["Ian Gelder"]},{"url":["https://www.anapioficeandfire.com/api/characters/743"],"id":[743],"name":["Melisandre"],"gender":["Female"],"culture":["Asshai"],"born":["At Unknown"],"died":[""],"alive":[true],"titles":[""],"aliases":[["The Red Priestess"],["The Red Woman"],["The King's Red Shadow"],["Lady Red"],["Lot Seven"]],"father":[""],"mother":[""],"spouse":[""],"allegiances":[],"books":[["A Clash of Kings"],["A Storm of Swords"],["A Feast for Crows"]],"povBooks":["A Dance with Dragons"],"tvSeries":[["Season 2"],["Season 3"],["Season 4"],["Season 5"],["Season 6"]],"playedBy":["Carice van Houten"]},{"url":["https://www.anapioficeandfire.com/api/characters/751"],"id":[751],"name":["Merrett Frey"],"gender":["Male"],"culture":["Rivermen"],"born":["In 262 AC"],"died":["In 300 AC, at Near Oldstones"],"alive":[false],"titles":[""],"aliases":["Merrett Muttonhead"],"father":[""],"mother":[""],"spouse":["https://www.anapioficeandfire.com/api/characters/712"],"allegiances":["House Frey of the Crossing"],"books":[["A Game of Thrones"],["A Clash of Kings"],["A Feast for Crows"],["A Dance with Dragons"]],"povBooks":["A Storm of Swords"],"tvSeries":[""],"playedBy":[""]},{"url":["https://www.anapioficeandfire.com/api/characters/844"],"id":[844],"name":["Quentyn Martell"],"gender":["Male"],"culture":["Dornish"],"born":["In 281 AC, at Sunspear, Dorne"],"died":["In 300 AC, at Meereen"],"alive":[false],"titles":["Prince"],"aliases":[["Frog"],["Prince Frog"],["The prince who came too late"],["The Dragonrider"]],"father":[""],"mother":[""],"spouse":[""],"allegiances":["House Nymeros Martell of Sunspear"],"books":[["A Game of Thrones"],["A Clash of Kings"],["A Storm of Swords"],["A Feast for Crows"]],"povBooks":["A Dance with Dragons"],"tvSeries":[""],"playedBy":[""]},{"url":["https://www.anapioficeandfire.com/api/characters/954"],"id":[954],"name":["Samwell Tarly"],"gender":["Male"],"culture":["Andal"],"born":["In 283 AC, at Horn Hill"],"died":[""],"alive":[true],"titles":[""],"aliases":[["Sam"],["Ser Piggy"],["Prince Pork-chop"],["Lady Piggy"],["Sam the Slayer"],["Black Sam"],["Lord of Ham"]],"father":[""],"mother":[""],"spouse":[""],"allegiances":["House Tarly of Horn Hill"],"books":[["A Game of Thrones"],["A Clash of Kings"],["A Dance with Dragons"]],"povBooks":[["A Storm of Swords"],["A Feast for Crows"]],"tvSeries":[["Season 1"],["Season 2"],["Season 3"],["Season 4"],["Season 5"],["Season 6"]],"playedBy":["John Bradley-West"]},{"url":["https://www.anapioficeandfire.com/api/characters/957"],"id":[957],"name":["Sansa Stark"],"gender":["Female"],"culture":["Northmen"],"born":["In 286 AC, at Winterfell"],"died":[""],"alive":[true],"titles":["Princess"],"aliases":[["Little bird"],["Alayne Stone"],["Jonquil"]],"father":[""],"mother":[""],"spouse":["https://www.anapioficeandfire.com/api/characters/1052"],"allegiances":[["House Baelish of Harrenhal"],["House Stark of Winterfell"]],"books":["A Dance with Dragons"],"povBooks":[["A Game of Thrones"],["A Clash of Kings"],["A Storm of Swords"],["A Feast for Crows"]],"tvSeries":[["Season 1"],["Season 2"],["Season 3"],["Season 4"],["Season 5"],["Season 6"]],"playedBy":["Sophie Turner"]}]
